{"minzoom":0,"maxzoom":8,"center":[-72.421875,-37.15824,8.0],"bounds":[-163.473938,-85.051129,-38.73172,-17.498474]}