{"minzoom":0,"maxzoom":9,"center":[-69.257813,-19.642246,9.0],"bounds":[-163.473938,-85.051129,-38.73172,-17.498474]}